Date,Predicted Gold Price,Actual Gold Price
02-09-2024,71637.36719,71233
03-09-2024,71853.57031,70807
04-09-2024,71874.07813,71053
05-09-2024,71989.16406,71890
06-09-2024,72103.07031,71409
09-09-2024,72219.10938,71573
10-09-2024,72103.78125,71821
11-09-2024,72228.03125,71878
12-09-2024,72372.95313,72681
13-09-2024,72537.41406,73367
16-09-2024,72689.75,73422
17-09-2024,73072.16016,73022
18-09-2024,73563.01563,73029
19-09-2024,73961.96875,73357
20-09-2024,74088.11719,73977
23-09-2024,74367.96875,74183
24-09-2024,74609.46094,74886
25-09-2024,74821.52344,75167
26-09-2024,75070.21875,75339
27-09-2024,75197.07031,74878
30-09-2024,75380.79297,74844
